Apartment _Type,Price,Beds,Baths,Toilets,Location,Description
MINIFLAT,600000,1,1,1,Folagoro,Luxury miniflat in a serene estate environment in. a serene estate environment ..
SHARED APARTMENT,900000,1,1,1,Ilaje,Luxury selfcontained share apartment in a 4 Bedroom duplex in a serene estate..
SHARED APARTMENT,950000,1,1,1,MaryLand,Luxury self-contained in a shared apartment in a serene estate with state-of-the..
SHARED APARTMENT,1500000,1,1,1,Ajah,Luxury selfcontained share apartment in a 4 Bedroom duplex in a serene estate..
2 BEDROOM FLAT / APARTMENT FOR RENT,2600000,2,2,3,Lekki,Spacious clean and nice two bedroom flat at Chevron alternative routes up stairs..
4 BEDROOM HOUSE FOR RENT,4000000,4,4,5,Lekki,"Newly BuiltA newly built 3 unit of 4 bedroom terrace duplex at Nature View Gardens, beside .."
STUDIO APARTMENT,3500000,1,2,2,Victoria Island,"Furnished ServicedFURNISHED 1BEDROOM WITH SEPARATE KITCHEN AND ENSUITE BATHROOM, OFF LIGALI AYORIN.."
1 BEDROOM FLAT / APARTMENT FOR RENT,1000000,1,1,1,Gbagada,This is decent spacious en-suites mini flat with wadrobe in a decent environment..
1 BEDROOM FLAT / APARTMENT FOR RENT,550000,1,1,1,Yaba,FurnishedA young lady needs a room mate to share her furnished room self contain with kit..
4 BEDROOM HOUSE FOR RENT,15000000,4,4,5,Ikoyi,ServicedServiced 4 bed terrace duplex within a mini estate Location: Ikoyi Price: 15..
2 BEDROOM HOUSE FOR RENT,2500000,2,2,3,Lekki,"A 2 Bedroom Flat, Upstairs A clean, nice, standard apartment. A well organize.."
2 BEDROOM FLAT / APARTMENT FOR RENT,2200000,2,2,3,Ajah,A Very Beautiful 2 bedroom flat fence round and Gated with parking space in Nic..
3 BEDROOM FLAT / APARTMENT FOR RENT,10000000,3,3,4,Ikoyi,Serviced Newly Built3 Bedroom Flat with a Room BQ. VI Rent : 10m per annum SC: 2.5m/annum (Ex..
SHARED APARTMENT,1250000,1,2,2,Ajah,Ologolo Rent 1.250m Agency 125k Caution 125k Legal 125k Service charge 250..
SHARED APARTMENT,800000,1,1,1,Magodo,Luxury self-contained in a shared apartment in a serene estate with state-of-the..
2 BEDROOM HOUSE FOR RENT,700000,2,3,3,Onipanu,If U Are interested please call this Number [redacted]05 Name prince uche ..
4 BEDROOM,1500000,4,4,5,Alagunta,A neat house of 3 bedroom apartment to let in mobile road alagunta area wit good..
1 BEDROOM FLAT / APARTMENT FOR RENT,750000,1,1,2,Yaba,Furnished Newly BuiltKayfarm... Personal prepaid meter and accessibility proximity..
2 BEDROOM,1300000,2,2,3,Bariga,"Clean 2 bedroom flat in a serene environment with pop, prepaid meter, security p.."
1 BEDROOM,600000,1,1,1,Gbagada,IFAKO GBAGADA LETTING JUST OUT Very lovely an standard room self contain in go..
1 BEDROOM FLAT / APARTMENT FOR RENT,300000,1,2,2,Yaba,If U Are interested please call this Number [redacted]05 Name prince uche ..
4 BEDROOM HOUSE FOR RENT,1200000,4,4,4,Shomolu,If U Are interested please call..
1 BEDROOM,600000,1,1,1,Folagoro,"Roomself @ Folagoro 13, Fatua Ade Street 600k one year rent. Pay and parking.."
1 BEDROOM,500000,1,1,1,Ilaje,Now available relatively newly built selfcontain @ ilaje rent 550k per year come..
2 BEDROOM FLAT / APARTMENT FOR RENT,2200000,2,2,2,Onike,"Semi-Direct brief Modern two bedroom with all rooms ensuit, guest room, kitche.."
MINIFLAT,800000,1,1,1,Shomolu,Just out lovely relatively new portable mini flat 800k upstairs @ shomolu AMa..
4 BEDROOM HOUSE FOR RENT,7500000,4,4,5,Lekki,Newly BuiltNEW LISTING 4 BEDROOM SEMI DETACHED DUPLEX RENT ON TWO FLOOR WITH OPEN TERRA..
SHARED APARTMENT,900000,1,1,1,Yaba,Massive masters bedroom in a shared duplex sharing only kitchen Rent- 900k S..
4 BEDROOM HOUSE FOR RENT,5000000,4,4,5,Chervon,Large and fully spacious Semi-detached 4 bedroom duplex with a bq Location-Che..
1 BEDROOM,450000,1,1,1,Folagoro,Newly BuiltAwooff berekete newly built mini flat and room self very spacious with modern fi..
4 BEDROOM HOUSE FOR RENT,5000000,4,4,4,Lekki,Serviced*Large and fully spacious Semi-detached 4 bedroom duplex with a bq in Chevvy vie..
4 BEDROOM HOUSE FOR RENT,10000000,4,4,4,Ikate,"Serviced*Brand new 4 bedroom terrace duplex in a secure and serene estate Ikate, lekki.."
1 BEDROOM FLAT / APARTMENT FOR RENT,2000000,1,1,1,Lekki,ServicedCONVERTED MINI FLAT IN IDADO ESTATE COMES WITH IT OWN KITCHEN AND TOLET Rent ..
1 BEDROOM FLAT / APARTMENT FOR RENT,1500000,1,1,1,Lekki,ServicedSELF SERVICE MASTER BEDROOM IN CHEVRON ALTERNATE Rent 1.5M Agency 10% ..
1 BEDROOM FLAT / APARTMENT FOR RENT,1500000,1,2,2,Ikoyi,"Newly BuiltNewly built spacious mini flat with pop finishing, enough parking space, 2toilet.."
1 BEDROOM FLAT / APARTMENT FOR RENT,1200000,1,1,1,Shomolu,Just out now mini flat shomolu folagoro upstairs 1.2m maybe 1.1m can fly RefMa..
2 BEDROOM FLAT / APARTMENT FOR RENT,4000000,2,2,3,Magodo,*LETTING IN MAGODO GRA PHASE II* *Newly Built 2 bedroom Flat With all room e..
5 BEDROOM HOUSE FOR RENT,4000000,5,6,6,Ajah,Furnished 5 bedroom duplex for rent with a room BQ in silver point Estate bador..
3 BEDROOM HOUSE FOR RENT,1500000,3,3,3,Palmgrove,"Very decent 3 bedroom flat with POP finishing, fitted kitchen cabinets, wardrobe.."
2 BEDROOM FLAT / APARTMENT FOR RENT,3500000,2,2,3,Ikota,Furnished*Fully Furnished 2 bedroom flat at Ikota GRA inside Ikota Villa Estate Rent..
2 BEDROOM FLAT / APARTMENT FOR RENT,3500000,2,2,3,Lekki,"2 bedroom flat at Idado, Chevron, Lekki, Lagos Rent: N3.5m Agency fee: 10%.."
1 BEDROOM FLAT / APARTMENT FOR RENT,1500000,1,1,1,Lekki,ServicedMaster bed IN CHEVRON ALTERNATE Rent 1.5m Agency 10% Legal 10% Ca..
1 BEDROOM FLAT / APARTMENT FOR RENT,1100000,1,1,1,Lekki,ServicedSEMI-MASTER IN CHEVRON ALTERNATE WITH A BALCONY Rent 1.1M Agency 10% ..
4 BEDROOM,9000000,4,5,5,Victoria Island,LETTING 38sqm office space for rent on Adeola Odeku street Victoria island (..
4 BEDROOM HOUSE FOR RENT,5000000,4,4,5,Ajah,"4 bedroom semi detached duplex for rent at lekki palm city estate, Ajah. Rent 5.."
3 BEDROOM,2500000,3,3,3,Ajah,"A SUPERB LOVELY 3BEDROOM FLAT, ALL ROOMS ENSUITE, POP FINISHING, ALL ROUND TILES.."
3 BEDROOM HOUSE FOR RENT,4000000,3,3,3,Ikoyi,A 3 bedroom semi-detached duplex for rent. 3 Bedroom Semi-Detached Duplex for Re..
4 BEDROOM HOUSE FOR RENT,7500000,4,4,5,Ikoyi,Serviced Newly Built2 years payment Serene environment Fitted kitchen All rooms ensuite Spaci..
4 BEDROOM HOUSE FOR RENT,10000000,4,4,5,Victoria Island,"ServicedLocation: VI, Lagos ° 11 Rent: 10m per annum Other Charges: -Agency: 10% -Le.."
3 BEDROOM COMMERCIAL PROPERTY FOR RENT,8000000,3,3,4,Lekki,FOR LEASE: (Office Use) Description: 3 Bedroom flat no BQ (All rooms en-suite..
4 BEDROOM HOUSE FOR RENT,12000000,4,5,5,Lekki,Furnished Serviced Newly BuiltTO LET 4 bedroom terrace duplex with a room Bq available for rent. Locatio..
4 BEDROOM HOUSE FOR RENT,4500000,4,4,5,Lekki,"Newly BuiltTASTEFULLY FINISHED 4 BEDROOM SEMI DETACHED DUPLEX for rent at Orchid Road, Lekk.."
1 BEDROOM FLAT / APARTMENT FOR RENT,2800000,1,1,2,Bariga,Serviced Newly BuiltSerene environment Spacious living room All rooms ensuite Fitted kitchen ..
2 BEDROOM FLAT / APARTMENT FOR RENT,2500000,2,2,3,Lekki,To Let: Service 2bedroom flat downstairs. Located inside Idado Estate. Lekki ..
6 BEDROOM HOUSE FOR RENT,6000000,6,6,7,Lekki,6 bedroom fully detached duplex for rent on full plots of land at lagoon view es..
1 BEDROOM,420000,1,1,1,Yaba,4man room to let at Abule oja yaba. Per person 420k Agency 150k ACHU-JOSH26..
4 BEDROOM HOUSE FOR RENT,23000000,4,4,5,Ikoyi,4 bedroom House for rent Banana Island Ikoyi Lagos..
1 BEDROOM HOUSE FOR RENT,1700000,1,1,2,Lekki,Newly BuiltMini flat for Rent. Location:Orchid Rent:#1.7m. Caution:10% Agreement:10..
3 BEDROOM HOUSE FOR RENT,2100000,3,3,3,Ikotun,Serviced*LETTING JUST OUT* 3 bedroom Flat Standard Very Big Upstairs Personal ..
4 BEDROOM HOUSE FOR RENT,12000000,4,4,5,Lekki,Serviced4Bedroom fully detached house with bq at lekki phase 1 Lagos State Features -..
2 BEDROOM HOUSE FOR RENT,2000000,2,2,3,Yaba,Newly BuiltTO LET Sophisticated and Tastefully Finished 2 bedroom flat with very massive..
4 BEDROOM HOUSE FOR RENT,4000000,4,4,4,Lekki,Newly BuiltA newly built 4 bedroom semi-detached duplex for rent. Apartment for rent/ Apart..
5 BEDROOM HOUSE FOR RENT,10000000,5,5,6,Ikoyi,Rent ..#10m Agency ..#1m Legal..#1m Caution.#800k Sc ..#1275000 Diesel depo..
3 BEDROOM FLAT / APARTMENT FOR RENT,9500000,3,3,3,Victoria Island,Furnished ServicedFurnished 3 bedroom apartment available for rent at 1004 Estate Victoria Island ..
STUDIO APARTMENT,1400000,1,1,2,Ilupeju,Serviced Newly BuiltJUST OUT!!! Serviced Studio Apartment for rent with Open Plan Kitchen and Ba..
4 BEDROOM HOUSE FOR RENT,3800000,4,4,5,Palmgrove,Spacious 4 bedroom semi detached Serviced house with 247 Electricty Locati..
3 BEDROOM FLAT / APARTMENT FOR RENT,15000000,3,3,4,Ikoyi,ServicedA luxury and spacious 3 bedroom apartment in Banana Island road..
1 BEDROOM FLAT / APARTMENT FOR RENT,1200000,1,1,1,Lekki,Newly Built*THE LUXURIOUS SHARED APARTMENT @ lekki county Westend estate * *Master..
2 BEDROOM FLAT / APARTMENT FOR RENT,4000000,2,2,3,Lekki,ServicedDirect brief Relatively new serviced 2 bedroom apartment upstairs in a mini est..
3 BEDROOM FLAT / APARTMENT FOR RENT,5000000,3,3,4,Lekki,ServicedA clean 3 bedroom apartment in a serene environment in Chevyview estate..
5 BEDROOM HOUSE FOR RENT,8000000,5,5,6,Lekki,5 bedroom House for rent chevron Lekki Lagos..
2 BEDROOM FLAT / APARTMENT FOR RENT,1100000,2,2,3,Ikoyi,Newly BuiltNewly built 2 bedroom all rooms ensuits upstairs 1.2 and downstairs 1.1 per Annu..
1 BEDROOM FLAT / APARTMENT FOR RENT,900000,1,1,1,Ajah,"Newly built Mini flat located in a good estate, Walkable distance to the expre.."
5 BEDROOM HOUSE FOR RENT,20000000,5,5,6,Lekki,Exotic 5 bedroom detached house at Lekki phase 1 Rent: 20M per annum Agenc..
1 BEDROOM FLAT / APARTMENT FOR RENT,3000000,1,1,2,Ikeja,Furnished Newly BuiltBrand New Mini Flat with an open kitchen in a Serene Estate Rent: 3M Agen..
4 BEDROOM HOUSE FOR RENT,35000000,4,4,5,Ikoyi,Serviced4 bedroom terrace for rent in a serene environment at the prestigious Banana Isl..
4 BEDROOM HOUSE FOR RENT,12000000,4,4,5,Ikoyi,"ServicedTASTEFULLY BUILT AND SERVICED 4 BEDROOM MAISONETTE WITH 24 HOUR POWER, SWIMMING .."
4 BEDROOMS,5000000,4,4,5,Lekki,4 bedroom fully detached duplex with a room Bq Location osapa London Rent 5m..
STUDIO APARTMENT,700000,1,1,1,Ilupeju,"Fresh Update A Newly Built Exquisitely Finished Studio Apartment, Very Spacious.."
3 BEDROOM HOUSE FOR RENT,3500000,3,3,4,MaryLand,"ServicedA Fantastic 3 BEDROOM SERVICED APARTMENT at MARYLAND with BQ: *RENT: N3.5m, Serv.."
5 BEDROOM HOUSE FOR RENT,10000000,5,5,6,Ikeja,Newly BuiltTO LET: 5 BEDROOM FULLY DETACHED DUPLEX FOR SALE AT OMOLE PHASE 2 WITH A ROOM..
1 BEDROOM FLAT / APARTMENT FOR RENT,550000,1,1,2,Folagoro,Furnished Serviced6months rent shared apartment Rent 550k Agency 100k Legal 60k Caution 60k ..
2 BEDROOM HOUSE FOR RENT,1200000,2,2,3,Ikeja,Beautiful 2 bedroom in a peaceful and secure estate With just 4 flats in the com..
3 BEDROOM,13000000,3,3,4,Ikoyi,Furnished Serviced Newly BuiltJUST OUT!!! Brand New Luxury 3 Bedroom Apartments for rent with Fully Fitted..
2 BEDROOM,3000000,2,2,3,Ajah,Serviced Newly BuiltService two bedroom for rent at ologolo Rent 3m Service charge 700k Caution ..
3 BEDROOM HOUSE FOR RENT,3000000,3,3,4,Ikeja,TO LET An Exotic and Luxurious modernly Finished 3 bedroom flat with all room..
2 BEDROOM FLAT / APARTMENT FOR RENT,3000000,2,2,3,Lekki,Neatly used 2 bedroom apartment Located in ikate Elegushi Seren environment..
3 BEDROOM HOUSE FOR RENT,25000000,3,3,4,Ikoyi,TO LET 3 BEDROOM TERRACE DUPLEX FOR RENT !!! ( RESIDENTIAL PURPOSE ONLY ) ..
1 BEDROOM FLAT / APARTMENT FOR RENT,1500000,1,1,2,Ikeja,AVAILABLE FOR LETTING: Lovely and standard Mini flat apartment with 2 toilets..
4 BEDROOM FLAT / APARTMENT FOR RENT,4000000,4,4,4,Gbagada,*To Let* 4 bedroom semi detached duplex at PG estate Ifako gbagada lagos *4M..
2 BEDROOM FLAT / APARTMENT FOR RENT,3500000,2,2,3,Lekki,Serviced2 bedroom Flat / Apartment for rent Agungi Lekki Lagos Serene environment Fitt..
1 BEDROOM FLAT / APARTMENT FOR RENT,2300000,1,1,1,Gbagada,Serviced Newly BuiltJUST OUT!!! Brand New Luxury Spacious Semi-master’s Bedroom for rent with W..
1 BEDROOM FLAT / APARTMENT FOR RENT,1500000,1,1,1,Gbagada,Serviced Newly BuiltJUST OUT!!! Fully Serviced Spacious Studio Apartment for rent with Walk-in w..
1 BEDROOM FLAT / APARTMENT FOR RENT,700000,1,1,1,Victoria Island,Serviced Newly BuiltJUST OUT!!! Fully Serviced Self-contain for rent with Shared kitchen in Vict..
1 BEDROOM,650000,1,1,1,Lekki,*MY DIRECT* Boys quarter in ikate/ still available maleoccupant preferred/ ..
4 BEDROOM HOUSE FOR RENT,3500000,4,4,5,Lekki,4 Bedroom Semi Detached Duplex @ lekki for commercial or residential Rent : ..
4 BEDROOM HOUSE FOR RENT,7000000,4,5,5,Ikoyi,FOR SALE!!! 4BED SEMI-DETACHED DUPLEX + BQ!!! FEATURES: ..
1 BEDROOM FLAT / APARTMENT FOR RENT,1300000,1,1,1,Lekki,2bedroom shared apartment Elf Petrocam filling station Rent 1.3m Service ch..
4 BEDROOM HOUSE FOR RENT,3500000,4,4,5,Lekki,"Spacious 4 bedroom Semi-Detached Duplex, Well finished House For Rent Locate.."
3 BEDROOM FLAT / APARTMENT FOR RENT,13000000,3,3,4,Ikoyi,"Serviced Newly BuiltNewly built 3bedroom apartments with Bq, swimming pool and gym Rent: 13m per.."
3 BEDROOM FLAT / APARTMENT FOR RENT,3500000,3,3,4,Yaba,"FurnishedSpacious modern 3 bedroom flat for rent @ Alagomeji yaba lagos, Features - A/C.."
3 BEDROOM FLAT / APARTMENT FOR RENT,3500000,3,3,4,Surulere,Newly BuiltA nice and standard 3 bedroom apartment in a serene and quite environment Comes ..
1 BEDROOM FLAT / APARTMENT FOR RENT,200000,1,1,1,Isolo,1 bedroom Flat / Apartment for rent Oke Afa Isolo Lagos Mainland Isolo Lagos..
2 BEDROOM HOUSE FOR RENT,450000,2,2,2,Ikotun,"Just in 2 Bedroom Flat Apartment Fence, Gate and Water Tiles Location .."
2 BEDROOM FLAT / APARTMENT FOR RENT,1200000,2,2,2,Isolo,Executive 2bed Rooms Flat House in Isolo Ajao estate. Good road secured environm..
1 BEDROOM FLAT / APARTMENT FOR RENT,150000,1,1,1,Isolo,Renovated Room nd parlor self contained all tiles floor 9ice kitchen with cabine..
1 BEDROOM FLAT / APARTMENT FOR RENT,450000,1,1,1,Ikotun,Just in!!!!!!!!!!!!!! Mini flat to let in a good location big and standard ..
4 BEDROOM HOUSE FOR RENT,8000000,4,5,5,Ikeja,It's a luxury 4 bedroom fully detached duplex plus Bq in an estate Locatio..
2 BEDROOM FLAT / APARTMENT FOR RENT,500000,2,2,2,Isolo,Newly BuiltNewly built 2 bedroom flat pop ceiling 9ice kitchen with cabinets big compound f..
3 BEDROOM FLAT / APARTMENT FOR RENT,8000000,3,3,3,Lekki,ServicedLuxury 3 Bedroom Apartment with swimming pool and Gym suitable for Airbnb in the..
3 BEDROOM HOUSE FOR RENT,3200000,3,3,4,Lekki,Serviced3 BEDROOM TERRACE DUPLEX LOCATED AT IKOTA VILLA + A MINI ROOM/STORE Rent- 3.2..
2 BEDROOM FLAT / APARTMENT FOR RENT,6000000,2,3,3,Lekki,ServicedVery Spacious 2 Bedroom Apartment with Bq For Rent !!! Unfurnished. ( 3rd floo..
4 BEDROOM HOUSE FOR RENT,11500000,4,4,5,Ikoyi,"Serviced Newly BuiltSERVICED 4 BEDROOM MAISONETTE G-UNIT SWIMMING POOL, HOUSE FOR RENT Location:.."
4 BEDROOM HOUSE FOR RENT,5000000,4,5,5,Lekki,Newly built 4 units of 4 bedroom terrace with 1 room bq ground-floor to let Or..
4 BEDROOM HOUSE FOR RENT,12000000,4,5,5,Lekki,ServicedLuxurious and Fully serviced 4 Bedroom Terraced Duplex and a room bq with commun..
4 BEDROOM HOUSE FOR RENT,10000000,4,4,4,Ikoyi,Discounted lease. 2nos Fully detached 4 bedroom duplex + maid quarters along..
1 BEDROOM FLAT / APARTMENT FOR RENT,130000,1,1,1,Igando,Just in!!!!!!!!! A ROOM two-to-share TOILET and KITCHEN in a Flats compound. ..
3 BEDROOMS,3500000,3,3,4,Yaba,Just out FOR RENT!! Spacious modern 3 bedrooms flat for rent @ Alagomeji yaba l..
2 BEDROOM FLAT / APARTMENT FOR RENT,1500000,2,2,3,Ilupeju,Newly BuiltJUST OUT VERY LOVELY STANDARD NEWLY BUILT 2BED ROOM FLAT LONDON TILES TREATED BO..
4 BEDROOM FLAT / APARTMENT FOR RENT,400000,4,4,4,Igando,Standard alone in compound 4 bedroom bungalow big compound 9ice kitchen with cab..
3 BEDROOM FLAT / APARTMENT FOR RENT,2000000,3,3,3,Isolo,Tastesfully built 3 bedroom flat pop ceiling with pop TV console big kitchen wit..
1 BEDROOM FLAT / APARTMENT FOR RENT,200000,1,1,1,Ikoyi,standard Park-out mini flat very Specious dinning fenced gate water tiles floor..
3 BEDROOM HOUSE FOR RENT,6000000,3,3,5,Lekki,Serviced*TO LET* 3 bedroom serviced apartment with Bq @ Lekki Phase 1. RENT: N6m/annum..
1 BEDROOM FLAT / APARTMENT FOR RENT,130000,1,1,1,Iyana-Ipaja,Room and parlor self contained all tiles floor @ Golden green Itele 130k per ann..
1 BEDROOM FLAT / APARTMENT FOR RENT,1500000,1,2,2,Yaba,Furnished1 bedroom Flat / Apartment for rent Alagomeji Yaba Lagos..
3 BEDROOM FLAT / APARTMENT FOR RENT,4000000,3,3,4,Lekki,"Well maintained 3 bedroom flat at dele ogunbowale street, lekki lagos. Rent :.."
1 BEDROOM FLAT / APARTMENT FOR RENT,100000,1,1,1,Ayobo,Newly BuiltNeat newly built Room self contain all tiles floor with toilet kitchen outside c..
4 BEDROOM HOUSE FOR RENT,7500000,4,4,5,Lekki,"Lovely 4 Bedroom Semi Detached Duplex Location: Ilasan, Lekki Pri.."
1 BEDROOM FLAT / APARTMENT FOR RENT,130000,1,1,1,Iyana-Ipaja,Renovated spacious Room nd parlor self contained big compound no landlord fenced..
1 BEDROOM FLAT / APARTMENT FOR RENT,900000,1,1,1,Ikotun,Nice mii flat available for rent to a decent tenant Rent 900 Legal 90 Agen..
4 BEDROOM HOUSE FOR RENT,5500000,4,4,5,Lekki,4 BEDROOM SEMI-DETACHED DUPLEX AT OSAPA LONDON Rent- 5.5m Legal- 10% Agency..
3 BEDROOM FLAT / APARTMENT FOR RENT,2000000,3,3,4,Ajah,Well maintained 3 Bedroom flat apartment in an Estate Sangotedo Ajah Lagos Re..
4 BEDROOM HOUSE FOR RENT,5500000,4,4,4,Lekki,ServicedSpacious 4 bedroom semi detached duplex Rent5.5MX2years required Sc.1.4M Le..
3 BEDROOM FLAT / APARTMENT FOR RENT,400000,3,3,3,Ayobo,spacious standard 3 bedroom flat upstairs all tiles floor big compound fenced ga..
1 BEDROOM FLAT / APARTMENT FOR RENT,900000,1,2,2,Ketu,Furnished Newly Built1 bedroom Flat / Apartment for rent Alapere Kosofe/Ikosi Lagos..
1 BEDROOM FLAT / APARTMENT FOR RENT,2300000,1,1,1,Lekki,LEKKI PHASE ONE Direct brief Super fully serviced apartment upstairs Be..
1 BEDROOM FLAT / APARTMENT FOR RENT,400000,1,1,1,Oshodi,"Just in!!!!!!!!! Decent Room and Parlor Self contain Fence, Gate and Wate.."
3 BEDROOM FLAT / APARTMENT FOR RENT,6000000,3,4,4,Lekki,Serviced3 BEDROOM APARTMENT WITH BQ FOR RENT Location: Lekki phase 1 Lagos Rent:..
2 BEDROOM HOUSE FOR RENT,550000,2,2,2,Shomolu,Just in!!!!!!!!!!! A Spacious 2 Bedroom With 3 t/b Is Available For Rent P..
3 BEDROOM FLAT / APARTMENT FOR RENT,2300000,3,3,4,MaryLand,Neatly used 3 bedroom flat available for rent. Ground floor Rent 2.3 Legal 2..
4 BEDROOM HOUSE FOR RENT,8000000,4,5,5,Victoria Island,4 BEDROOM SEMI DETACHED DUPLEX WITH A STUDY AND A BQ FOR RENT. ( Self service) ..
4 BEDROOM HOUSE FOR RENT,7500000,4,4,5,Lekki,Serviced Newly BuiltTO LET.: 4 units of 4 bedroom semi-detached l| lkate |1 7.5 million 4 units of..
4 BEDROOM HOUSE FOR RENT,20000000,4,5,5,Victoria Island,Furnished Serviced Newly BuiltFOR RENT - DECENT & SPACIOUS 4 BEDROOM FULLY FURNISHED SEMI DETACHED DUPLEX WITH..
4 BEDROOM HOUSE FOR RENT,10000000,4,4,5,Lekki,"Serviced4 BEDROOM EN-SUITE TOWNHOUSE AVAILABLE FOR RENT LOCATION: LEKKI PHASE 1, LAGO.."
3 BEDROOM FLAT / APARTMENT FOR RENT,1500000,3,3,4,Palmgrove,Serviced3 Bedroom All Ensuite Apartment Features +Ensuite Rooms +Proximity to the ..
2 BEDROOM FLAT / APARTMENT FOR RENT,2500000,2,2,3,Lekki,"Furnished2bedroom spacious flat Rent 2,500,000 per year Agency 10% on a 2 year rent 5.."
3 BEDROOM FLAT / APARTMENT FOR RENT,4500000,3,4,4,Ikeja,Serviced Newly BuiltTo Let A SERVICED GROUND FLOOR 3 BEDROOM FLAT (ALL EN-SUITE ROOMS) TO LET I..
3 BEDROOM FLAT / APARTMENT FOR RENT,13000000,3,3,4,Ikoyi,"3 Bedroom Apartment Location: Banana Island, Ikoyi Rent: N13M Agency Fee.."
1 BEDROOM,250000,1,1,1,Iyana-Ipaja,"Newly BuiltNewly built 2 bedroom and mini flat here to let with pop, kitchen cabinet, 2bedr.."
3 BEDROOM FLAT / APARTMENT FOR RENT,2000000,3,3,4,Victoria Island,Serviced Newly BuiltNew 3 Bedroom All Ensuite Apartment in an estate Features +Only 3 Tenants i..
1 BEDROOM FLAT / APARTMENT FOR RENT,2300000,1,2,2,Lekki,"Serviced Newly BuiltTo Let Letting!! Spacious & serviced Mini-flat Apartment Chevron, Lekki.."
4 BEDROOM HOUSE FOR RENT,20000000,4,4,5,Lekki,"Newly BuiltTO LET !! Lovely 4 Bedroom Semi Detached Duplex *Location: Parkview Ikoyi,.."
1 BEDROOM FLAT / APARTMENT FOR RENT,600000,1,1,1,Lekki,"ServicedA Room Self Contain Available For Rent Location: Osapa, Lekki, Lagos. Rent.."
3 BEDROOM FLAT / APARTMENT FOR RENT,1500000,3,3,4,Ajao Estate,Well Maintained 3 Bedroom All Ensuite Apartment Rent: N1.5m Upstairs Agency:..
4 BEDROOM HOUSE FOR RENT,75000000,4,4,4,Lekki,Newly BuiltBRAND NEW 4BEDROOM TERRACE DUPLEX FOR SALE AT CHEVRON TOLL GATE LEKKI LAGOS A..
5 BEDROOM HOUSE FOR RENT,10000000,5,6,6,Lekki,Furnished Serviced Newly BuiltTo Let Furnished 5 bedroom duplex with bq and swimming pool at Awuse estate O..
1 BEDROOM FLAT / APARTMENT FOR RENT,600000,1,1,2,Ajao Estate,Executive MIni Flat at Ajao Estate Isolo Lagos. Good road secured environment ti..
4 BEDROOM HOUSE FOR RENT,11000000,4,5,5,Lekki,Furnished Serviced Newly BuiltTo Let * TO LET IN OSAPA* FULLY SERVICED LUXURY 4 BEDROOM SEMI DETACHED DUPL..
2 BEDROOM,1700000,2,3,3,Magodo,*Our Outgoing Letting* *Price Review* Newly Built 2 Bedroom Flat at Off Em..
STUDIO APARTMENT,6000000,1,1,1,Ajah,Newly built Fully detached duplex in a gated estate at ologolo Rent 6m net ..
5 BEDROOM COMMERCIAL PROPERTY FOR RENT,20000000,5,5,6,Ikoyi,FOR LEASE: (Commercial Use) Description: 5 Bedroom Duplex with 2 rooms BQ. L..
3 BEDROOM FLAT / APARTMENT FOR RENT,8000000,3,3,4,Lekki,Serviced3 Bedroom Apartment Available For Rent (Ground floor/ can be used for Short let..
4 BEDROOM HOUSE FOR RENT,7500000,4,4,5,Lekki,ServicedTO LET Fully Serviced Luxury 4 Bedroom Semi Detached Duplex with Bq For Rent ..
HOUSE FOR RENT,7000000,4,5,4,Magodo,"*Superb spacious 4 bedroom detached duplex with POP ceiling, screeded wall, and .."
HOUSE FOR RENT,10000000,6,7,7,Lekki,TO LET :NEW BRAND HOUSE 6 BEDROOM DUPLEX TO LET AT OMOLE PHASE 2 VERY GOOD LOCA..
4 BEDROOM FLAT / APARTMENT FOR RENT,27000000,4,4,5,Ikoyi,"Serviced Newly Built4 BEDROOM APARTMENT FOR RENT!!! Location Old Ikoyi,Lagos N 27M Per Annum Agen.."
4 BEDROOM HOUSE FOR RENT,13000000,4,5,5,Victoria Island,"Serviced Newly BuiltFOR RENT IN ONIRU, V/ISLAND -4 Bedroom duplex plus bq available In Oniru,.."
3 BEDROOM FLAT / APARTMENT FOR RENT,18000000,3,4,4,Victoria Island,Serviced Newly BuiltFOR RENT IN V/ISLAND LAGOS STATE NEW 15 UNITS OF 3 BEDROOM FLAT WITH A ROOM B..
4 BEDROOM HOUSE FOR RENT,16000000,4,4,5,Ikoyi,"ServicedA Fully Serviced, Spacious & Solid 4 Bedroom Terrace With 1 Bq For Rent Locat.."
5 BEDROOM COMMERCIAL PROPERTY FOR RENT,50000000,5,5,6,Ikoyi,2 Units of Commercial 5 Bedroom Duplex with 2 Rooms Staff Quarters each For Rent..
4 BEDROOM COMMERCIAL PROPERTY FOR RENT,5000000,4,5,5,Victoria Island,"ServicedTo Let 4 Room Office space immediately available for lease at Oko Awo St, Op.."
4 BEDROOM HOUSE FOR RENT,5000000,4,4,5,Ajao Estate,Alone in a compound and spacious 4 Bedroom Semi-Detached Duplex in an estate at ..
3 BEDROOM FLAT / APARTMENT FOR RENT,1000000,3,3,2,Ajao Estate,Executive 3 bedRoom Flat House in Isolo Ajao estate Isolo.Lagos Mainland. Good r..
3 BEDROOM FLAT / APARTMENT FOR RENT,1500000,3,3,4,Magodo,Serviced3 Bedroom All Ensuite Apartment in a Call-In Estate Features +Interlovked f..
4 BEDROOM HOUSE FOR RENT,8000000,4,5,5,Victoria Island,Serviced Newly BuiltFOR RENT Fully Furnished Self Serviced 4 Bedroom Duplex plus bq located i..
3 BEDROOM COMMERCIAL PROPERTY FOR RENT,8000000,3,4,4,Victoria Island,Serviced Newly BuiltTo Let Commercial Purposely Built 3 Bedroom Apartment with all Rooms En-suite..
5 BEDROOM HOUSE FOR RENT,20000000,5,5,6,Ikoyi,Tastefully Finished 5 Bedroom Detached House with a Mini flat Bq For Rent. Re..
4 BEDROOM FLAT / APARTMENT FOR RENT,11000000,4,5,5,Victoria Island,Serviced Newly BuiltTo Let 4 bedroom flat plus 2 rooms BQs to let Off Sanusi Fafunwa Street ..
5 BEDROOM HOUSE FOR RENT,6500000,5,6,6,Ajah,Serviced Newly BuiltTo Let Elegantly Built Spacious 5 bedrooms Semi Detached Duplex with 1 bedroo..
2 BEDROOM FLAT / APARTMENT FOR RENT,1500000,2,2,3,Isolo,"2 Bedroom All Ensuite apartment in a call-in Estate Rent: N1,500,000 Upstairs .."
3 BEDROOM HOUSE FOR RENT,5500000,3,3,5,Lekki,Newly Built4 Bedroom Semi-Detached With A Room Staff Quarter For Rent Location: Oral Est..
1 BEDROOM,600000,1,1,1,Shomolu,"Furnished Newly BuiltExecutive, very decent and standard room self Contain in shomolu with kitc.."
3 BEDROOM,5000000,4,4,5,Lekki,"4 Bedroom Semi Detached House With A Bq For Rent Location: Oral Estate, Lekki.."
3 BEDROOM,2000000,3,3,4,Ajah,Newly BuiltNewly Built 3 Bedroom apartment off Abraham Adesanya Estate Ajah Lagos state. ..
3 BEDROOM,7000000,3,3,4,Lekki,3 Bedroom with BQ Furnished Apartment for rent in Oniru.(SELF SERVICE). Rent ..
4 BEDROOM,7500000,4,4,5,Ajah,THIS MUST GO THIS WEEK BY GOD GRACE URGENT LEASE Semi Direct Instructions ..
MINIFLAT,500000,1,1,1,Ajah,One room self contained apartment at seaside Estate Badore Ajah Lagos Rent 500k..
3 BEDROOM,700000,3,3,4,Victoria Island,A Magnificently Spacious 3 BEDROOM Flat with (Concrete Ceiling) including Vi..
2 BEDROOM,500000,2,2,3,Ajah,A 2 BEDROOM Flat with (Concrete Ceiling) & Prepaid Meter TO LET at AWOYAYA In..
1 BEDROOM,450000,1,1,1,Surulere,Freshly Out As E Dey Hot!!!! A Very Clean & Spacious 1 BEDROOM (Mini Flat) ..
4 BEDROOM HOUSE FOR RENT,4000000,4,4,5,Ajah,"Newly Built4 Bedroom Terrace Duplex Conner piece For Rent Price: 4,000,000 Caution: 400.."
1 BEDROOM,400000,1,1,1,Ikeja,TO LET STANDARD ROOM SELF CONTAIN AT OKE IRA OGBA LAGOS RENT 400K PER ANNUM ..
5 BEDROOM HOUSE FOR RENT,11000000,5,5,6,Lekki,*TO LET* *A 5 BEDROOM DETACHED DUPLEX WITH 2 LIVING ROOMS IN A COOL CALM ENVIRO..
1 BEDROOM,96000,1,1,1,Surulere,TO LET STANDARD SINGLE ROOM AT ITIRE SURULERE LAGOS RENT 96K PER ANNUM REGIS..
1 BEDROOM,144000,1,1,1,Surulere,TO LET STANDARD SINGLE ROOM WITH TILES AT ITIRE SURULERE LAGOS RENT 144K PER A..
4 BEDROOM HOUSE FOR RENT,6000000,4,4,5,Lekki,Serviced Newly BuiltService 5 bedroom terrace duplex All room ensuit Modern bathroom and toilets ..
3 BEDROOM HOUSE FOR RENT,3500000,3,3,4,Lekki,"Newly BuiltNewly built 3 bedroom terrace duplex with a maid room at Chevy view estate, chev.."
3 BEDROOM FLAT / APARTMENT FOR RENT,15000000,3,3,4,Ikoyi,"Luxury 3 bedroom flat + bq, swimming pool Location-off banana island rd ikoyi .."
3 BEDROOM HOUSE FOR RENT,6000000,3,3,4,Ikoyi,LUXURY 3 Bedroom Semi detached Duplex with BQ Available for Rent LOCATION-in ..
2 BEDROOM FLAT / APARTMENT FOR RENT,1500000,2,3,3,Yaba,Newly BuiltNewly built and lovely 2 bedroom flat for rent in a secured and lovely estate ar..
3 BEDROOM FLAT / APARTMENT FOR RENT,15000000,3,3,4,Ikoyi,"Luxury 4 units of 3 Bedroom Apartment + BQ Location- Off Glover Road, Ikoyi. .."
4 BEDROOM HOUSE FOR RENT,5000000,4,4,5,Lekki,"4 Bedroom Semi Detached Duplex For Rent Price: 5,000,000 Caution: 650,000 L.."
1 BEDROOM FLAT / APARTMENT FOR RENT,1500000,1,2,2,Ajah,Newly BuiltTopnoch and newly built mini flat for rent in a secured and lovely estate around..
1 BEDROOM,700000,1,1,1,Ajao Estate,Newly BuiltTopnoch newly built self contain for rent in a secured and lovely estate around ..
4 BEDROOM HOUSE FOR RENT,6500000,4,4,5,Lekki,"Newly Built4 Bedroom Semi Detached Duplex For Rent Price: 6,500,000 Caution: 650,000 .."
1 BEDROOM FLAT / APARTMENT FOR RENT,1800000,1,1,1,Ikeja,1 bedroom Flat / Apartment for rent Alausa Ikeja Lagos..
1 BEDROOM FLAT / APARTMENT FOR RENT,1000000,1,1,1,Magodo,"Studio/Self-Contain Apartment For Rent Price: 1,000,000 Caution: 100,000 .."
4 BEDROOM HOUSE FOR RENT,4500000,4,4,5,Ajah,"4 BEDROOM TERRACE DUPLEX FOR RENT!!! Location: Ikota, Lagos Rent: 4.5m per.."
4 BEDROOM HOUSE FOR RENT,4500000,4,4,5,Lekki,"4 Bedroom Terrace Duplex for Rent!!! 4 Bed, 4 Baths Orchid Road, Lekki,.."
1 BEDROOM FLAT / APARTMENT FOR RENT,1600000,1,1,2,Lekki,One bedroom in Chevron Rent 1.6m Legal :10% Caution:10% Agency :10% Self..
4 BEDROOM HOUSE FOR RENT,4000000,4,4,5,Magodo,AVAILABLE  4 bedroom newly painted semi detached duplex in Magodo Ph..
3 BEDROOM HOUSE FOR RENT,3500000,3,3,4,Magodo,"Newly Built3 bedroom duplex in Magodo phase 1 A new house, self compound for 3.5m yearly.."
6 BEDROOM HOUSE FOR RENT,15000000,6,6,7,Lekki,TO LET Luxury & Exquisitely Finished 6 Bedroom Detached House with BQ and Stu..
3 BEDROOM FLAT / APARTMENT FOR RENT,1400000,3,2,2,Ajah,"Spacious 3 Bedroom Apartment For Rent at Hopeville Estate, Sangotedo, Lagos. .."
1 BEDROOM FLAT / APARTMENT FOR RENT,1100000,1,1,2,Ajah,"Newly BuiltNewly Built 1 Bedroom Apartment available for rent at Maroko, off Mobil Road, A.."
1 BEDROOM FLAT / APARTMENT FOR RENT,850000,1,1,1,Lekki,ServicedVery Spacious a room self contained available for rent at Eleganza Gardens (Oppo..
2 BEDROOM FLAT / APARTMENT FOR RENT,1800000,3,3,4,Ilupeju,"Very decent 3bedroom flat ensuite with POP kitchen with cabinets and store, ward.."
1 BEDROOM FLAT / APARTMENT FOR RENT,400000,1,1,1,Alakuko,TO LET Newly built mini flat all round tiles fgw with pop Location….Alakuko..
2 BEDROOM FLAT / APARTMENT FOR RENT,850000,2,2,3,Ikotun,"SUPER CLEAN 2 BEDROOM FLAT POP ALL ROUND FULLY PAINTED WHITE, N850K PER ANNUM .."
1 BEDROOM FLAT / APARTMENT FOR RENT,1300000,1,1,2,Palmgrove,"TO LET Standard Miniflat with 2toilets pop finished, kitchen cabinets and wadro.."
3 BEDROOM FLAT / APARTMENT FOR RENT,1300000,3,3,4,MaryLand,"A well finished and very spacious 3bedroom flat all ensuite with POP, dinning a.."
3 BEDROOM FLAT / APARTMENT FOR RENT,3500000,3,3,3,Yaba,Just out FOR RENT!! Spacious modern 3 bedroom flat for rent @ Alagomeji yaba la..
4 BEDROOM,1200000,4,4,5,Okota,Newly BuiltRent a Standard Shop along Ago Palace Way Okota very big shop with prepaid meter..
4 BEDROOM HOUSE FOR RENT,4500000,4,4,5,Lekki,*TO LET* Fully Serviced 4 bedroom Semi-Detached Duplex. Location: Royal Pi..
4 BEDROOM HOUSE FOR RENT,4500000,4,4,5,Ajah,"ServicedIkota gra Rent- 4,500M SC- 500k Agency- 10% Legal - 5% Causion- 400k.."
1 BEDROOM,750000,1,1,1,Onipanu,Rent 750k Agency 75k Legal 75k Caution 75k ..
STUDIO APARTMENT,1200000,1,1,1,Lekki,"Location, Igboefon, Lekki. Description: House is fitted with a Water.."
1 BEDROOM,800000,1,1,1,Lekki,Rent 900k Agency 90k Legal 90k Caution 90k..
1 BEDROOM,500000,1,1,1,Ajao Estate,Rent 500k..
STUDIO APARTMENT,1200000,1,1,1,Ajah,Size of unit - Studio Apartment Location: Igbo efon Description: House ..
1 BEDROOM,700000,1,1,1,Yaba,Rent 650k Service charge 120k yearly Agency 65k Legal 65k Caution 50k..
STUDIO APARTMENT,900000,1,1,1,Bariga,Rent 900k Service charge 150k Agency 90k Legal 90k Caution 90k Essi..
STUDIO APARTMENT,900000,1,1,1,Folagoro,Rent 900k Agency 90k Legal 90k Caution 90k..
1 BEDROOM,950000,1,1,1,Oshodi,Rent 950k Agency 95k Legal 95k Caution 100k Service charge 200k ..
